# kappa_1pm,elev_m,kerb  (segmentos de 4.0 m, longitud 5882 m)
-0.000010,0.00,0
-0.000009,0.00,0
-0.000009,0.00,0
-0.000008,0.00,0
-0.000008,0.00,0
-0.000007,0.00,0
-0.000007,0.00,0
-0.000006,0.00,0
-0.000006,0.00,0
-0.000005,0.00,0
-0.000005,0.00,0
-0.000005,0.00,0
-0.000004,0.00,0
-0.000004,0.00,0
-0.000003,0.00,0
-0.000003,0.00,0
-0.000003,0.00,0
-0.000002,0.00,0
-0.000002,0.00,0
-0.000002,0.00,0
-0.000002,0.00,0
-0.000002,0.00,0
-0.000001,0.00,0
-0.000001,0.00,0
-0.000001,0.00,0
-0.000001,0.00,0
-0.000001,0.00,0
-0.000000,0.00,0
-0.000000,0.00,0
-0.000000,0.00,0
0.000000,0.00,0
0.000000,0.00,0
0.000001,0.00,0
0.000001,0.00,0
0.000001,0.00,0
0.000001,0.00,0
0.000001,0.00,0
0.000001,0.00,0
0.000002,0.00,0
0.000002,0.00,0
0.000002,0.00,0
0.000002,0.00,0
0.000002,0.00,0
0.000003,0.00,0
0.000003,0.00,0
0.000003,0.00,0
0.000003,0.00,0
0.000003,0.00,0
0.000003,0.00,0
0.000004,0.00,0
0.000004,0.00,0
0.000004,0.00,0
0.000004,0.00,0
0.000004,0.00,0
0.000005,0.00,0
0.000005,0.00,0
0.000005,0.00,0
0.000005,0.00,0
0.000005,0.00,0
0.000004,0.00,0
0.000003,0.00,0
-0.000000,0.00,0
-0.000007,0.00,0
-0.000014,0.00,0
-0.000022,0.00,0
-0.000031,0.00,0
-0.000041,0.00,0
-0.000053,0.00,0
-0.000062,0.00,0
-0.000072,0.00,0
-0.000081,0.00,0
-0.000091,0.00,0
-0.000103,0.00,0
-0.000113,0.00,0
-0.000122,0.00,0
-0.000131,0.00,0
-0.000141,0.00,0
-0.000153,0.00,0
-0.000163,0.00,0
-0.000172,0.00,0
-0.000181,0.00,0
-0.000189,0.00,0
-0.000175,0.00,0
-0.000128,0.00,0
-0.000042,0.00,0
0.000085,0.00,0
0.000261,0.00,0
0.000496,0.00,0
0.000502,0.00,0
0.000280,0.00,0
-0.000007,0.00,0
-0.000149,0.00,0
0.001494,0.00,0
0.004874,0.00,1
0.009600,0.00,1
0.015121,0.00,1
0.020658,0.00,1
0.024710,0.00,1
0.024422,0.00,1
0.021767,0.00,1
0.017681,0.00,1
0.013004,0.00,1
0.008425,0.00,1
0.006772,0.00,1
0.006505,0.00,1
0.007037,0.00,1
0.008003,0.00,1
0.008816,0.00,1
0.008859,0.00,1
0.008442,0.00,1
0.007699,0.00,1
0.006716,0.00,1
0.005324,0.00,1
0.004174,0.00,1
0.003090,0.00,0
0.002039,0.00,0
0.001031,0.00,0
-0.000062,0.00,0
-0.000687,0.00,0
-0.001007,0.00,0
-0.001099,0.00,0
-0.000978,0.00,0
-0.000553,0.00,0
-0.000101,0.00,0
0.000336,0.00,0
0.000778,0.00,0
0.001220,0.00,0
0.001761,0.00,0
0.002133,0.00,0
0.002368,0.00,0
0.002472,0.00,0
0.002429,0.00,0
0.002122,0.00,0
0.001706,0.00,0
0.001261,0.00,0
0.000795,0.00,0
0.000323,0.00,0
-0.000277,0.00,0
-0.000780,0.00,0
-0.001278,0.00,0
-0.001816,0.00,0
-0.002408,0.00,0
-0.003314,0.00,0
-0.004185,0.00,1
-0.005066,0.00,1
-0.005913,0.00,1
-0.006651,0.00,1
-0.007107,0.00,1
-0.006952,0.00,1
-0.006395,0.00,1
-0.005605,0.00,1
-0.004701,0.00,1
-0.003830,0.00,0
-0.003743,0.00,0
-0.004204,0.00,1
-0.005092,0.00,1
-0.006332,0.00,1
-0.008032,0.00,1
-0.009165,0.00,1
-0.009725,0.00,1
-0.009830,0.00,1
-0.009492,0.00,1
-0.008549,0.00,1
-0.007553,0.00,1
-0.006709,0.00,1
-0.005972,0.00,1
-0.005354,0.00,1
-0.004743,0.00,1
-0.004307,0.00,1
-0.003926,0.00,0
-0.003550,0.00,0
-0.003173,0.00,0
-0.002703,0.00,0
-0.002305,0.00,0
-0.001962,0.00,0
-0.001651,0.00,0
-0.001381,0.00,0
-0.001129,0.00,0
-0.000983,0.00,0
-0.000883,0.00,0
-0.000801,0.00,0
-0.000731,0.00,0
-0.000646,0.00,0
-0.000572,0.00,0
-0.000503,0.00,0
-0.000435,0.00,0
-0.000366,0.00,0
-0.000281,0.00,0
-0.000207,0.00,0
-0.000138,0.00,0
-0.000070,0.00,0
-0.000001,0.00,0
0.000084,0.00,0
0.000158,0.00,0
0.000226,0.00,0
0.000294,0.00,0
0.000358,0.00,0
0.000420,0.00,0
0.000433,0.00,0
0.000403,0.00,0
0.000335,0.00,0
0.000230,0.00,0
0.000046,0.00,0
-0.000136,0.00,0
-0.000309,0.00,0
-0.000484,0.00,0
-0.000658,0.00,0
-0.000866,0.00,0
-0.000885,0.00,0
-0.000624,0.00,0
-0.000025,0.00,0
0.000976,0.00,0
0.002989,0.00,0
0.005305,0.00,1
0.007771,0.00,1
0.010562,0.00,1
0.013812,0.00,1
0.018982,0.00,1
0.024951,0.00,1
0.031093,0.00,1
0.036468,0.00,1
0.040226,0.00,1
0.040944,0.00,1
0.040494,0.00,1
0.038250,0.00,1
0.036077,0.00,1
0.034022,0.00,1
0.031035,0.00,1
0.026382,0.00,1
0.020700,0.00,1
0.014622,0.00,1
0.008949,0.00,1
0.004360,0.00,1
0.001357,0.00,0
0.000589,0.00,0
0.000275,0.00,0
0.000223,0.00,0
0.000217,0.00,0
0.000214,0.00,0
0.000211,0.00,0
0.000209,0.00,0
0.000205,0.00,0
0.000198,0.00,0
0.000153,0.00,0
0.000069,0.00,0
-0.000063,0.00,0
-0.000244,0.00,0
-0.000486,0.00,0
-0.001035,0.00,0
-0.002014,0.00,0
-0.003657,0.00,0
-0.006091,0.00,1
-0.009477,0.00,1
-0.015341,0.00,1
-0.020634,0.00,1
-0.026971,0.00,1
-0.035229,0.00,1
-0.045773,0.00,1
-0.054465,0.00,1
-0.061129,0.00,1
-0.060023,0.00,1
-0.054105,0.00,1
-0.043638,0.00,1
-0.031443,0.00,1
-0.022120,0.00,1
-0.018578,0.00,1
-0.017245,0.00,1
-0.016946,0.00,1
-0.016904,0.00,1
-0.015754,0.00,1
-0.013424,0.00,1
-0.010490,0.00,1
-0.007503,0.00,1
-0.004867,0.00,1
-0.002714,0.00,0
-0.002010,0.00,0
-0.001817,0.00,0
-0.001940,0.00,0
-0.002264,0.00,0
-0.002654,0.00,0
-0.002849,0.00,0
-0.002968,0.00,0
-0.003035,0.00,0
-0.003065,0.00,0
-0.003088,0.00,0
-0.003102,0.00,0
-0.003119,0.00,0
-0.003139,0.00,0
-0.003160,0.00,0
-0.003186,0.00,0
-0.003190,0.00,0
-0.003191,0.00,0
-0.003183,0.00,0
-0.003167,0.00,0
-0.003132,0.00,0
-0.003105,0.00,0
-0.003075,0.00,0
-0.003044,0.00,0
-0.003013,0.00,0
-0.003011,0.00,0
-0.003169,0.00,0
-0.003527,0.00,0
-0.004127,0.00,1
-0.005004,0.00,1
-0.006651,0.00,1
-0.008361,0.00,1
-0.010599,0.00,1
-0.013559,0.00,1
-0.017437,0.00,1
-0.022559,0.00,1
-0.025027,0.00,1
-0.024993,0.00,1
-0.022877,0.00,1
-0.018758,0.00,1
-0.012303,0.00,1
-0.008179,0.00,1
-0.005692,0.00,1
-0.004247,0.00,1
-0.003531,0.00,0
-0.002906,0.00,0
-0.002371,0.00,0
-0.001875,0.00,0
-0.001393,0.00,0
-0.000936,0.00,0
-0.000449,0.00,0
-0.000152,0.00,0
0.000027,0.00,0
0.000133,0.00,0
0.000176,0.00,0
0.000164,0.00,0
0.000138,0.00,0
0.000113,0.00,0
0.000088,0.00,0
0.000064,0.00,0
0.000034,0.00,0
0.000012,0.00,0
-0.000004,0.00,0
-0.000017,0.00,0
-0.000025,0.00,0
-0.000029,0.00,0
-0.000029,0.00,0
-0.000028,0.00,0
-0.000027,0.00,0
-0.000026,0.00,0
-0.000024,0.00,0
-0.000023,0.00,0
-0.000022,0.00,0
-0.000021,0.00,0
-0.000019,0.00,0
-0.000018,0.00,0
-0.000017,0.00,0
-0.000015,0.00,0
-0.000014,0.00,0
-0.000013,0.00,0
-0.000012,0.00,0
-0.000010,0.00,0
-0.000009,0.00,0
-0.000008,0.00,0
-0.000007,0.00,0
-0.000005,0.00,0
-0.000004,0.00,0
-0.000003,0.00,0
-0.000002,0.00,0
-0.000000,0.00,0
0.000001,0.00,0
0.000002,0.00,0
0.000004,0.00,0
0.000005,0.00,0
0.000006,0.00,0
0.000007,0.00,0
0.000009,0.00,0
0.000010,0.00,0
0.000011,0.00,0
0.000012,0.00,0
0.000014,0.00,0
0.000015,0.00,0
0.000016,0.00,0
0.000017,0.00,0
0.000019,0.00,0
0.000020,0.00,0
0.000021,0.00,0
0.000022,0.00,0
0.000022,0.00,0
0.000022,0.00,0
0.000021,0.00,0
0.000020,0.00,0
0.000019,0.00,0
0.000017,0.00,0
0.000016,0.00,0
0.000014,0.00,0
0.000012,0.00,0
0.000011,0.00,0
0.000009,0.00,0
0.000008,0.00,0
0.000006,0.00,0
0.000004,0.00,0
0.000003,0.00,0
0.000001,0.00,0
-0.000001,0.00,0
-0.000003,0.00,0
-0.000004,0.00,0
-0.000006,0.00,0
-0.000007,0.00,0
-0.000009,0.00,0
-0.000011,0.00,0
-0.000012,0.00,0
-0.000014,0.00,0
-0.000015,0.00,0
-0.000017,0.00,0
-0.000019,0.00,0
-0.000020,0.00,0
-0.000022,0.00,0
-0.000024,0.00,0
-0.000025,0.00,0
-0.000027,0.00,0
-0.000029,0.00,0
-0.000030,0.00,0
-0.000032,0.00,0
-0.000033,0.00,0
-0.000035,0.00,0
-0.000037,0.00,0
-0.000038,0.00,0
-0.000040,0.00,0
-0.000041,0.00,0
-0.000043,0.00,0
-0.000045,0.00,0
-0.000047,0.00,0
-0.000048,0.00,0
-0.000050,0.00,0
-0.000052,0.00,0
-0.000054,0.00,0
-0.000056,0.00,0
-0.000058,0.00,0
-0.000060,0.00,0
-0.000063,0.00,0
-0.000065,0.00,0
-0.000067,0.00,0
-0.000069,0.00,0
-0.000071,0.00,0
-0.000074,0.00,0
-0.000076,0.00,0
-0.000078,0.00,0
-0.000080,0.00,0
-0.000082,0.00,0
-0.000085,0.00,0
-0.000087,0.00,0
-0.000089,0.00,0
-0.000091,0.00,0
-0.000093,0.00,0
-0.000093,0.00,0
-0.000087,0.00,0
-0.000076,0.00,0
-0.000057,0.00,0
-0.000032,0.00,0
0.000012,0.00,0
0.000052,0.00,0
0.000093,0.00,0
0.000134,0.00,0
0.000175,0.00,0
0.000228,0.00,0
0.000262,0.00,0
0.000276,0.00,0
0.000264,0.00,0
0.000218,0.00,0
0.000080,0.00,0
-0.000085,0.00,0
-0.000271,0.00,0
-0.000473,0.00,0
-0.000684,0.00,0
-0.000963,0.00,0
-0.001179,0.00,0
-0.001490,0.00,0
-0.002088,0.00,0
-0.003168,0.00,0
-0.006166,0.00,1
-0.009507,0.00,1
-0.012522,0.00,1
-0.014750,0.00,1
-0.015792,0.00,1
-0.014605,0.00,1
-0.012677,0.00,1
-0.011041,0.00,1
-0.009966,0.00,1
-0.009607,0.00,1
-0.009964,0.00,1
-0.010358,0.00,1
-0.010667,0.00,1
-0.010994,0.00,1
-0.011393,0.00,1
-0.012103,0.00,1
-0.012964,0.00,1
-0.013903,0.00,1
-0.015033,0.00,1
-0.016407,0.00,1
-0.018422,0.00,1
-0.020435,0.00,1
-0.022063,0.00,1
-0.023345,0.00,1
-0.024190,0.00,1
-0.024317,0.00,1
-0.024444,0.00,1
-0.024082,0.00,1
-0.023415,0.00,1
-0.022324,0.00,1
-0.020046,0.00,1
-0.016965,0.00,1
-0.013650,0.00,1
-0.010307,0.00,1
-0.007181,0.00,1
-0.004312,0.00,1
-0.002375,0.00,0
-0.001367,0.00,0
-0.000669,0.00,0
-0.000192,0.00,0
0.000228,0.00,0
0.000657,0.00,0
0.001018,0.00,0
0.001395,0.00,0
0.001808,0.00,0
0.002417,0.00,0
0.003308,0.00,0
0.004324,0.00,1
0.005552,0.00,1
0.006994,0.00,1
0.008887,0.00,1
0.010982,0.00,1
0.012889,0.00,1
0.014825,0.00,1
0.016655,0.00,1
0.018098,0.00,1
0.019373,0.00,1
0.019131,0.00,1
0.018365,0.00,1
0.017380,0.00,1
0.016555,0.00,1
0.016342,0.00,1
0.017159,0.00,1
0.018142,0.00,1
0.019096,0.00,1
0.019846,0.00,1
0.020656,0.00,1
0.021186,0.00,1
0.021914,0.00,1
0.022617,0.00,1
0.022719,0.00,1
0.022361,0.00,1
0.021247,0.00,1
0.019814,0.00,1
0.018456,0.00,1
0.017478,0.00,1
0.016936,0.00,1
0.017127,0.00,1
0.017431,0.00,1
0.017660,0.00,1
0.017711,0.00,1
0.017329,0.00,1
0.017293,0.00,1
0.016981,0.00,1
0.016751,0.00,1
0.016658,0.00,1
0.016915,0.00,1
0.017139,0.00,1
0.017622,0.00,1
0.018187,0.00,1
0.018727,0.00,1
0.018759,0.00,1
0.018393,0.00,1
0.017242,0.00,1
0.015550,0.00,1
0.013433,0.00,1
0.010622,0.00,1
0.008225,0.00,1
0.006354,0.00,1
0.004759,0.00,1
0.003409,0.00,0
0.002099,0.00,0
0.001140,0.00,0
0.000484,0.00,0
-0.000011,0.00,0
-0.000344,0.00,0
-0.000518,0.00,0
-0.000526,0.00,0
-0.000491,0.00,0
-0.000444,0.00,0
-0.000395,0.00,0
-0.000336,0.00,0
-0.000281,0.00,0
-0.000231,0.00,0
-0.000181,0.00,0
-0.000129,0.00,0
-0.000065,0.00,0
-0.000003,0.00,0
0.000053,0.00,0
0.000109,0.00,0
0.000166,0.00,0
0.000235,0.00,0
0.000298,0.00,0
0.000361,0.00,0
0.000446,0.00,0
0.000568,0.00,0
0.000815,0.00,0
0.001194,0.00,0
0.001639,0.00,0
0.002158,0.00,0
0.002739,0.00,0
0.003491,0.00,0
0.004213,0.00,1
0.004858,0.00,1
0.005498,0.00,1
0.006107,0.00,1
0.006662,0.00,1
0.006895,0.00,1
0.006709,0.00,1
0.006211,0.00,1
0.005426,0.00,1
0.004185,0.00,1
0.002973,0.00,0
0.002195,0.00,0
0.001731,0.00,0
0.001618,0.00,0
0.002019,0.00,0
0.002675,0.00,0
0.003129,0.00,0
0.003304,0.00,0
0.003111,0.00,0
0.002223,0.00,0
0.000849,0.00,0
-0.000270,0.00,0
-0.000979,0.00,0
-0.001065,0.00,0
0.000320,0.00,0
0.003329,0.00,0
0.006665,0.00,1
0.009881,0.00,1
0.012468,0.00,1
0.013474,0.00,1
0.012171,0.00,1
0.009976,0.00,1
0.007637,0.00,1
0.005588,0.00,1
0.004259,0.00,1
0.004157,0.00,1
0.004470,0.00,1
0.004866,0.00,1
0.005246,0.00,1
0.005569,0.00,1
0.005703,0.00,1
0.005643,0.00,1
0.005445,0.00,1
0.005122,0.00,1
0.004605,0.00,1
0.004029,0.00,1
0.003521,0.00,0
0.003012,0.00,0
0.002508,0.00,0
0.001941,0.00,0
0.001403,0.00,0
0.001022,0.00,0
0.000715,0.00,0
0.000486,0.00,0
0.000332,0.00,0
0.000269,0.00,0
0.000252,0.00,0
0.000244,0.00,0
0.000239,0.00,0
0.000234,0.00,0
0.000228,0.00,0
0.000223,0.00,0
0.000219,0.00,0
0.000214,0.00,0
0.000209,0.00,0
0.000203,0.00,0
0.000198,0.00,0
0.000194,0.00,0
0.000189,0.00,0
0.000184,0.00,0
0.000178,0.00,0
0.000173,0.00,0
0.000169,0.00,0
0.000164,0.00,0
0.000158,0.00,0
0.000153,0.00,0
0.000148,0.00,0
0.000143,0.00,0
0.000139,0.00,0
0.000133,0.00,0
0.000128,0.00,0
0.000123,0.00,0
0.000118,0.00,0
0.000114,0.00,0
0.000108,0.00,0
0.000103,0.00,0
0.000098,0.00,0
0.000093,0.00,0
0.000088,0.00,0
0.000083,0.00,0
0.000077,0.00,0
0.000073,0.00,0
0.000068,0.00,0
0.000063,0.00,0
0.000058,0.00,0
0.000052,0.00,0
0.000049,0.00,0
0.000047,0.00,0
0.000046,0.00,0
0.000050,0.00,0
0.000058,0.00,0
0.000068,0.00,0
0.000080,0.00,0
0.000092,0.00,0
0.000107,0.00,0
0.000121,0.00,0
0.000134,0.00,0
0.000146,0.00,0
0.000159,0.00,0
0.000174,0.00,0
0.000188,0.00,0
0.000201,0.00,0
0.000213,0.00,0
0.000226,0.00,0
0.000241,0.00,0
0.000255,0.00,0
0.000268,0.00,0
0.000280,0.00,0
0.000293,0.00,0
0.000305,0.00,0
0.000310,0.00,0
0.000306,0.00,0
0.000294,0.00,0
0.000273,0.00,0
0.000238,0.00,0
0.000195,0.00,0
0.000155,0.00,0
0.000116,0.00,0
0.000076,0.00,0
0.000029,0.00,0
-0.000017,0.00,0
-0.000057,0.00,0
-0.000097,0.00,0
-0.000137,0.00,0
-0.000184,0.00,0
-0.000230,0.00,0
-0.000269,0.00,0
-0.000309,0.00,0
-0.000349,0.00,0
-0.000396,0.00,0
-0.000441,0.00,0
-0.000451,0.00,0
-0.000354,0.00,0
-0.000088,0.00,0
0.000668,0.00,0
0.002070,0.00,0
0.003802,0.00,0
0.005822,0.00,1
0.007981,0.00,1
0.010162,0.00,1
0.011439,0.00,1
0.011517,0.00,1
0.010851,0.00,1
0.009570,0.00,1
0.007648,0.00,1
0.005869,0.00,1
0.004882,0.00,1
0.004345,0.00,1
0.004222,0.00,1
0.004516,0.00,1
0.005113,0.00,1
0.005606,0.00,1
0.006055,0.00,1
0.006453,0.00,1
0.006851,0.00,1
0.007217,0.00,1
0.007506,0.00,1
0.007784,0.00,1
0.008045,0.00,1
0.008278,0.00,1
0.008571,0.00,1
0.009099,0.00,1
0.010125,0.00,1
0.011733,0.00,1
0.014258,0.00,1
0.016630,0.00,1
0.017196,0.00,1
0.016427,0.00,1
0.014418,0.00,1
0.010960,0.00,1
0.007419,0.00,1
0.005430,0.00,1
0.004184,0.00,1
0.003507,0.00,0
0.003105,0.00,0
0.002689,0.00,0
0.002348,0.00,0
0.002012,0.00,0
0.001690,0.00,0
0.001367,0.00,0
0.001086,0.00,0
0.000937,0.00,0
0.000842,0.00,0
0.000793,0.00,0
0.000785,0.00,0
0.000802,0.00,0
0.000819,0.00,0
0.000836,0.00,0
0.000853,0.00,0
0.000872,0.00,0
0.000892,0.00,0
0.000909,0.00,0
0.000926,0.00,0
0.000943,0.00,0
0.000963,0.00,0
0.000983,0.00,0
0.001000,0.00,0
0.001017,0.00,0
0.001034,0.00,0
0.001053,0.00,0
0.001074,0.00,0
0.001090,0.00,0
0.001104,0.00,0
0.001117,0.00,0
0.001128,0.00,0
0.001135,0.00,0
0.001138,0.00,0
0.001140,0.00,0
0.001141,0.00,0
0.001143,0.00,0
0.001144,0.00,0
0.001145,0.00,0
0.001146,0.00,0
0.001147,0.00,0
0.001150,0.00,0
0.001152,0.00,0
0.001155,0.00,0
0.001159,0.00,0
0.001162,0.00,0
0.001168,0.00,0
0.001172,0.00,0
0.001177,0.00,0
0.001181,0.00,0
0.001185,0.00,0
0.001188,0.00,0
0.001184,0.00,0
0.001173,0.00,0
0.001154,0.00,0
0.001127,0.00,0
0.001089,0.00,0
0.001040,0.00,0
0.000997,0.00,0
0.000955,0.00,0
0.000912,0.00,0
0.000864,0.00,0
0.000812,0.00,0
0.000769,0.00,0
0.000726,0.00,0
0.000683,0.00,0
0.000635,0.00,0
0.000583,0.00,0
0.000540,0.00,0
0.000497,0.00,0
0.000455,0.00,0
0.000407,0.00,0
0.000355,0.00,0
0.000313,0.00,0
0.000272,0.00,0
0.000234,0.00,0
0.000197,0.00,0
0.000167,0.00,0
0.000149,0.00,0
0.000136,0.00,0
0.000125,0.00,0
0.000116,0.00,0
0.000107,0.00,0
0.000099,0.00,0
0.000091,0.00,0
0.000083,0.00,0
0.000075,0.00,0
0.000065,0.00,0
0.000058,0.00,0
0.000050,0.00,0
0.000042,0.00,0
0.000033,0.00,0
0.000024,0.00,0
0.000016,0.00,0
0.000009,0.00,0
0.000000,0.00,0
-0.000011,0.00,0
-0.000058,0.00,0
-0.000162,0.00,0
-0.000338,0.00,0
-0.000596,0.00,0
-0.001022,0.00,0
-0.001586,0.00,0
-0.002119,0.00,0
-0.002675,0.00,0
-0.003246,0.00,0
-0.003895,0.00,0
-0.004581,0.00,1
-0.005133,0.00,1
-0.005625,0.00,1
-0.006033,0.00,1
-0.006312,0.00,1
-0.006419,0.00,1
-0.006333,0.00,1
-0.006169,0.00,1
-0.005953,0.00,1
-0.005693,0.00,1
-0.005411,0.00,1
-0.005188,0.00,1
-0.004981,0.00,1
-0.004796,0.00,1
-0.004642,0.00,1
-0.004569,0.00,1
-0.004613,0.00,1
-0.004721,0.00,1
-0.004847,0.00,1
-0.004882,0.00,1
-0.004377,0.00,1
-0.003225,0.00,0
-0.001425,0.00,0
0.001003,0.00,0
0.004383,0.00,1
0.008329,0.00,1
0.011166,0.00,1
0.013477,0.00,1
0.015234,0.00,1
0.016496,0.00,1
0.017260,0.00,1
0.017548,0.00,1
0.017599,0.00,1
0.017358,0.00,1
0.016569,0.00,1
0.015252,0.00,1
0.013769,0.00,1
0.012125,0.00,1
0.010369,0.00,1
0.008394,0.00,1
0.005909,0.00,1
0.003879,0.00,0
0.001988,0.00,0
0.000345,0.00,0
-0.000959,0.00,0
-0.001441,0.00,0
-0.001082,0.00,0
-0.000411,0.00,0
0.000418,0.00,0
0.001257,0.00,0
0.001624,0.00,0
0.001367,0.00,0
0.000794,0.00,0
-0.000019,0.00,0
-0.001066,0.00,0
-0.002190,0.00,0
-0.002891,0.00,0
-0.003439,0.00,0
-0.003843,0.00,0
-0.004116,0.00,1
-0.004406,0.00,1
-0.004662,0.00,1
-0.004975,0.00,1
-0.005353,0.00,1
-0.005875,0.00,1
-0.006519,0.00,1
-0.007094,0.00,1
-0.007698,0.00,1
-0.008331,0.00,1
-0.009018,0.00,1
-0.009815,0.00,1
-0.010384,0.00,1
-0.010839,0.00,1
-0.011156,0.00,1
-0.011242,0.00,1
-0.011256,0.00,1
-0.011090,0.00,1
-0.010895,0.00,1
-0.010694,0.00,1
-0.010507,0.00,1
-0.010331,0.00,1
-0.010184,0.00,1
-0.009957,0.00,1
-0.009595,0.00,1
-0.009000,0.00,1
-0.007680,0.00,1
-0.006253,0.00,1
-0.004619,0.00,1
-0.002827,0.00,0
-0.000827,0.00,0
0.001647,0.00,0
0.003598,0.00,0
0.005560,0.00,1
0.007484,0.00,1
0.009274,0.00,1
0.011222,0.00,1
0.012203,0.00,1
0.012837,0.00,1
0.013186,0.00,1
0.013340,0.00,1
0.013384,0.00,1
0.013454,0.00,1
0.013593,0.00,1
0.013798,0.00,1
0.014048,0.00,1
0.014405,0.00,1
0.014640,0.00,1
0.014777,0.00,1
0.014797,0.00,1
0.014654,0.00,1
0.014277,0.00,1
0.014028,0.00,1
0.013702,0.00,1
0.013395,0.00,1
0.013124,0.00,1
0.012843,0.00,1
0.012649,0.00,1
0.012375,0.00,1
0.011996,0.00,1
0.011469,0.00,1
0.010435,0.00,1
0.009359,0.00,1
0.008256,0.00,1
0.007158,0.00,1
0.006121,0.00,1
0.005015,0.00,1
0.004362,0.00,1
0.003848,0.00,0
0.003426,0.00,0
0.003082,0.00,0
0.002741,0.00,0
0.002558,0.00,0
0.002428,0.00,0
0.002318,0.00,0
0.002196,0.00,0
0.001872,0.00,0
0.001303,0.00,0
0.000526,0.00,0
-0.000463,0.00,0
-0.001653,0.00,0
-0.003397,0.00,0
-0.004985,0.00,1
-0.005958,0.00,1
-0.006412,0.00,1
-0.006374,0.00,1
-0.006027,0.00,1
-0.006166,0.00,1
-0.007040,0.00,1
-0.008339,0.00,1
-0.009835,0.00,1
-0.011279,0.00,1
-0.011629,0.00,1
-0.011116,0.00,1
-0.010194,0.00,1
-0.009042,0.00,1
-0.007384,0.00,1
-0.005660,0.00,1
-0.004171,0.00,1
-0.002834,0.00,0
-0.001699,0.00,0
-0.000741,0.00,0
-0.000262,0.00,0
-0.000043,0.00,0
0.000065,0.00,0
0.000100,0.00,0
0.000112,0.00,0
0.000109,0.00,0
0.000098,0.00,0
0.000082,0.00,0
0.000063,0.00,0
0.000038,0.00,0
0.000015,0.00,0
-0.000006,0.00,0
-0.000026,0.00,0
-0.000045,0.00,0
-0.000064,0.00,0
-0.000077,0.00,0
-0.000084,0.00,0
-0.000087,0.00,0
-0.000088,0.00,0
-0.000085,0.00,0
-0.000081,0.00,0
-0.000078,0.00,0
-0.000074,0.00,0
-0.000071,0.00,0
-0.000066,0.00,0
-0.000063,0.00,0
-0.000059,0.00,0
-0.000056,0.00,0
-0.000052,0.00,0
-0.000048,0.00,0
-0.000044,0.00,0
-0.000041,0.00,0
-0.000037,0.00,0
-0.000034,0.00,0
-0.000030,0.00,0
-0.000026,0.00,0
-0.000022,0.00,0
-0.000019,0.00,0
-0.000015,0.00,0
-0.000011,0.00,0
-0.000007,0.00,0
-0.000004,0.00,0
-0.000000,0.00,0
0.000003,0.00,0
0.000007,0.00,0
0.000011,0.00,0
0.000015,0.00,0
0.000018,0.00,0
0.000022,0.00,0
0.000026,0.00,0
0.000030,0.00,0
0.000033,0.00,0
0.000037,0.00,0
0.000040,0.00,0
0.000044,0.00,0
0.000048,0.00,0
0.000052,0.00,0
0.000055,0.00,0
0.000058,0.00,0
0.000062,0.00,0
0.000064,0.00,0
0.000065,0.00,0
0.000065,0.00,0
0.000064,0.00,0
0.000061,0.00,0
0.000058,0.00,0
0.000054,0.00,0
0.000051,0.00,0
0.000048,0.00,0
0.000044,0.00,0
0.000040,0.00,0
0.000037,0.00,0
0.000034,0.00,0
0.000030,0.00,0
0.000026,0.00,0
0.000023,0.00,0
0.000019,0.00,0
0.000016,0.00,0
0.000013,0.00,0
0.000009,0.00,0
0.000005,0.00,0
0.000002,0.00,0
-0.000001,0.00,0
-0.000005,0.00,0
-0.000009,0.00,0
-0.000012,0.00,0
-0.000015,0.00,0
-0.000019,0.00,0
-0.000022,0.00,0
-0.000026,0.00,0
-0.000030,0.00,0
-0.000033,0.00,0
-0.000036,0.00,0
-0.000040,0.00,0
-0.000044,0.00,0
-0.000047,0.00,0
-0.000050,0.00,0
-0.000054,0.00,0
-0.000057,0.00,0
-0.000061,0.00,0
-0.000065,0.00,0
-0.000068,0.00,0
-0.000071,0.00,0
-0.000075,0.00,0
-0.000079,0.00,0
-0.000083,0.00,0
-0.000088,0.00,0
-0.000094,0.00,0
-0.000101,0.00,0
-0.000112,0.00,0
-0.000123,0.00,0
-0.000133,0.00,0
-0.000144,0.00,0
-0.000155,0.00,0
-0.000168,0.00,0
-0.000180,0.00,0
-0.000191,0.00,0
-0.000202,0.00,0
-0.000212,0.00,0
-0.000226,0.00,0
-0.000238,0.00,0
-0.000249,0.00,0
-0.000259,0.00,0
-0.000270,0.00,0
-0.000284,0.00,0
-0.000295,0.00,0
-0.000305,0.00,0
-0.000305,0.00,0
-0.000283,0.00,0
-0.000169,0.00,0
0.000057,0.00,0
0.000374,0.00,0
0.000775,0.00,0
0.001244,0.00,0
0.001838,0.00,0
0.002189,0.00,0
0.002325,0.00,0
0.002277,0.00,0
0.002044,0.00,0
0.001516,0.00,0
0.001020,0.00,0
0.000637,0.00,0
0.000354,0.00,0
0.000189,0.00,0
0.000168,0.00,0
0.000259,0.00,0
0.000374,0.00,0
0.000502,0.00,0
0.000632,0.00,0
0.000797,0.00,0
0.000930,0.00,0
0.001040,0.00,0
0.001129,0.00,0
0.001190,0.00,0
0.001202,0.00,0
0.001155,0.00,0
0.001086,0.00,0
0.001000,0.00,0
0.000903,0.00,0
0.000778,0.00,0
0.000673,0.00,0
0.000575,0.00,0
0.000476,0.00,0
0.000377,0.00,0
0.000252,0.00,0
0.000147,0.00,0
0.000049,0.00,0
-0.000050,0.00,0
-0.000148,0.00,0
-0.000273,0.00,0
-0.000377,0.00,0
-0.000475,0.00,0
-0.000571,0.00,0
-0.000660,0.00,0
-0.000706,0.00,0
-0.000600,0.00,0
-0.000349,0.00,0
0.000048,0.00,0
0.000596,0.00,0
0.001524,0.00,0
0.002389,0.00,0
0.003241,0.00,0
0.004109,0.00,1
0.004983,0.00,1
0.006059,0.00,1
0.006993,0.00,1
0.007841,0.00,1
0.008676,0.00,1
0.009504,0.00,1
0.010549,0.00,1
0.011501,0.00,1
0.012307,0.00,1
0.012972,0.00,1
0.013418,0.00,1
0.013374,0.00,1
0.012813,0.00,1
0.011979,0.00,1
0.011035,0.00,1
0.010094,0.00,1
0.009197,0.00,1
0.008809,0.00,1
0.008686,0.00,1
0.008719,0.00,1
0.008876,0.00,1
0.009210,0.00,1
0.009722,0.00,1
0.010311,0.00,1
0.011027,0.00,1
0.011849,0.00,1
0.012785,0.00,1
0.013488,0.00,1
0.013806,0.00,1
0.013862,0.00,1
0.013664,0.00,1
0.013101,0.00,1
0.012592,0.00,1
0.012072,0.00,1
0.011580,0.00,1
0.011131,0.00,1
0.010707,0.00,1
0.010362,0.00,1
0.010237,0.00,1
0.010259,0.00,1
0.010431,0.00,1
0.010755,0.00,1
0.011264,0.00,1
0.011465,0.00,1
0.011316,0.00,1
0.010732,0.00,1
0.009333,0.00,1
0.007149,0.00,1
0.005011,0.00,1
0.002946,0.00,0
0.001090,0.00,0
-0.000506,0.00,0
-0.001414,0.00,0
-0.001760,0.00,0
-0.001898,0.00,0
-0.001893,0.00,0
-0.001815,0.00,0
-0.001738,0.00,0
-0.001669,0.00,0
-0.001605,0.00,0
-0.001553,0.00,0
-0.001524,0.00,0
-0.001562,0.00,0
-0.001650,0.00,0
-0.001776,0.00,0
-0.001931,0.00,0
-0.002129,0.00,0
-0.002300,0.00,0
-0.002398,0.00,0
-0.002455,0.00,0
-0.002472,0.00,0
-0.002440,0.00,0
-0.002383,0.00,0
-0.002329,0.00,0
-0.002278,0.00,0
-0.002230,0.00,0
-0.002181,0.00,0
-0.002138,0.00,0
-0.002102,0.00,0
-0.002068,0.00,0
-0.002034,0.00,0
-0.001999,0.00,0
-0.001956,0.00,0
-0.001918,0.00,0
-0.001872,0.00,0
-0.001818,0.00,0
-0.001741,0.00,0
-0.001640,0.00,0
-0.001547,0.00,0
-0.001449,0.00,0
-0.001349,0.00,0
-0.001233,0.00,0
-0.001113,0.00,0
-0.001011,0.00,0
-0.000910,0.00,0
-0.000809,0.00,0
-0.000693,0.00,0
-0.000572,0.00,0
-0.000471,0.00,0
-0.000370,0.00,0
-0.000269,0.00,0
-0.000154,0.00,0
-0.000033,0.00,0
0.000068,0.00,0
0.000169,0.00,0
0.000268,0.00,0
0.000379,0.00,0
0.000482,0.00,0
0.000556,0.00,0
0.000620,0.00,0
0.000675,0.00,0
0.000726,0.00,0
0.000770,0.00,0
0.000807,0.00,0
0.000843,0.00,0
0.000880,0.00,0
0.000921,0.00,0
0.000958,0.00,0
0.000974,0.00,0
0.000975,0.00,0
0.000957,0.00,0
0.000907,0.00,0
0.000827,0.00,0
0.000745,0.00,0
0.000658,0.00,0
0.000569,0.00,0
0.000467,0.00,0
0.000358,0.00,0
0.000168,0.00,0
-0.000236,0.00,0
-0.000999,0.00,0
-0.002892,0.00,0
-0.008159,0.00,1
-0.016008,0.00,1
-0.025857,0.00,1
-0.035359,0.00,1
-0.042008,0.00,1
-0.044846,0.00,1
-0.042640,0.00,1
-0.038070,0.00,1
-0.033517,0.00,1
-0.030240,0.00,1
-0.026686,0.00,1
-0.023049,0.00,1
-0.017661,0.00,1
-0.011123,0.00,1
-0.004022,0.00,1
0.003919,0.00,0
0.009669,0.00,1
0.013153,0.00,1
0.015561,0.00,1
0.017095,0.00,1
0.018342,0.00,1
0.020977,0.00,1
0.024441,0.00,1
0.028263,0.00,1
0.031792,0.00,1
0.033881,0.00,1
0.033963,0.00,1
0.031515,0.00,1
0.027989,0.00,1
0.023917,0.00,1
0.019411,0.00,1
0.014728,0.00,1
0.011281,0.00,1
0.008397,0.00,1
0.006171,0.00,1
0.004643,0.00,1
0.003861,0.00,0
0.003771,0.00,0
0.003831,0.00,0
0.003973,0.00,0
0.004119,0.00,1
0.004310,0.00,1
0.004448,0.00,1
0.004573,0.00,1
0.004680,0.00,1
0.004765,0.00,1
0.004839,0.00,1
0.004859,0.00,1
0.004868,0.00,1
0.004872,0.00,1
0.004885,0.00,1
0.004886,0.00,1
0.004902,0.00,1
0.004922,0.00,1
0.004939,0.00,1
0.004936,0.00,1
0.004876,0.00,1
0.004759,0.00,1
0.004586,0.00,1
0.004384,0.00,1
0.004170,0.00,1
0.004281,0.00,1
0.004882,0.00,1
0.005980,0.00,1
0.007586,0.00,1
0.009831,0.00,1
0.013331,0.00,1
0.016594,0.00,1
0.019959,0.00,1
0.022984,0.00,1
0.024951,0.00,1
0.024565,0.00,1
0.021517,0.00,1
0.017281,0.00,1
0.012521,0.00,1
0.007967,0.00,1
0.003969,0.00,0
0.002470,0.00,0
0.001560,0.00,0
0.001004,0.00,0
0.000615,0.00,0
0.000302,0.00,0
0.000191,0.00,0
0.000129,0.00,0
0.000099,0.00,0
0.000084,0.00,0
0.000065,0.00,0
0.000050,0.00,0
0.000037,0.00,0
0.000023,0.00,0
0.000011,0.00,0
-0.000001,0.00,0
-0.000006,0.00,0
-0.000009,0.00,0
-0.000011,0.00,0
-0.000011,0.00,0
-0.000011,0.00,0
-0.000010,0.00,0
-0.000010,0.00,0
